{"cameraMode":{"drawMode":0,"name":"Shaded","section":"Shading Mode"},"sceneLighting":true,"audioPlay":false,"sceneViewState":{"showFog":true,"showMaterialUpdate":false,"showSkybox":true,"showFlares":true,"showImageEffects":true,"showParticleSystems":true},"in2DMode":false,"pivot":{"x":-0.002102323342114687,"y":-0.02325725555419922,"z":-0.0491943359375},"rotation":{"x":-0.000013499934539140668,"y":0.9999853372573853,"z":0.002999967662617564,"w":0.004499964416027069},"size":0.3089805543422699,"orthographic":true}